{"inputUnits":[34],"outputUnits":5,"inputs":{"0":{"dtype":"number","min":217.2188513088412,"max":426.31100303248354},"1":{"dtype":"number","min":93.24295906527928,"max":184.96899937560914},"2":{"dtype":"number","min":227.29198136060091,"max":434.8769713284676},"3":{"dtype":"number","min":84.05140421311523,"max":176.8777816802205},"4":{"dtype":"number","min":210.1703523334704,"max":421.8622415107593},"5":{"dtype":"number","min":83.91946774012396,"max":174.73765293292365},"6":{"dtype":"number","min":236.36222913716037,"max":445.42265477468624},"7":{"dtype":"number","min":88.84505006072581,"max":185.83092880992626},"8":{"dtype":"number","min":196.67412235490525,"max":411.0643460457785},"9":{"dtype":"number","min":90.17687583759746,"max":185.51141869022598},"10":{"dtype":"number","min":253.99544580173304,"max":471.21225041023234},"11":{"dtype":"number","min":141.59090187117368,"max":234.22068694413986},"12":{"dtype":"number","min":172.97357986777382,"max":384.53351413064996},"13":{"dtype":"number","min":140.21948935228016,"max":226.39294302719145},"14":{"dtype":"number","min":282.13103712650764,"max":487.1385070919758},"15":{"dtype":"number","min":97.49808209216616,"max":310.27549461082174},"16":{"dtype":"number","min":150.90259574310124,"max":368.50457323457294},"17":{"dtype":"number","min":94.19639423809087,"max":309.8114608556439},"18":{"dtype":"number","min":280.2601906105324,"max":508.5216321443256},"19":{"dtype":"number","min":26.727135492811883,"max":395.62223527398953},"20":{"dtype":"number","min":129.78099443759137,"max":418.75509816071207},"21":{"dtype":"number","min":24.687447650158376,"max":389.9315823263127},"22":{"dtype":"number","min":238.32871606243052,"max":440.50836395799064},"23":{"dtype":"number","min":263.01100584033867,"max":371.85838368436276},"24":{"dtype":"number","min":182.48376619513735,"max":384.07385872586195},"25":{"dtype":"number","min":265.29091044940907,"max":370.8525623819749},"26":{"dtype":"number","min":244.07616747285422,"max":433.80146227384864},"27":{"dtype":"number","min":351.025558382447,"max":474.7766404774686},"28":{"dtype":"number","min":192.14832744635567,"max":375.0776095325254},"29":{"dtype":"number","min":337.639415510449,"max":475.03404197172347},"30":{"dtype":"number","min":250.91538159703185,"max":426.968276709841},"31":{"dtype":"number","min":434.5072285613121,"max":554.737795705219},"32":{"dtype":"number","min":174.7228409021686,"max":366.93765740645557},"33":{"dtype":"number","min":386.3933761031539,"max":556.5446586683247}},"outputs":{"0":{"dtype":"string","min":0,"max":1,"uniqueValues":["S","F","B","R","L"],"legend":{"S":[1,0,0,0,0],"F":[0,1,0,0,0],"B":[0,0,1,0,0],"R":[0,0,0,1,0],"L":[0,0,0,0,1]}}},"isNormalized":true}